{
  "mse": 0.14579775985894478,
  "mae": 0.25217306076360463,
  "r2": -0.07130386119086896,
  "n_train": 960,
  "n_test": 240
}